class_id,class_name,Instances,YOLOv11_baseline_Predictions,YOLOv11_baseline_Precision,YOLOv11_baseline_Recall,YOLOv11_baseline_AP50,YOLOv11_baseline_AP50-95,ECAFA_YOLO_Predictions,ECAFA_YOLO_Precision,ECAFA_YOLO_Recall,ECAFA_YOLO_AP50,ECAFA_YOLO_AP50-95,ECAFA_YOLO_KD_Predictions,ECAFA_YOLO_KD_Precision,ECAFA_YOLO_KD_Recall,ECAFA_YOLO_KD_AP50,ECAFA_YOLO_KD_AP50-95,AP50-95_improvement_ECAFA_vs_baseline,AP50-95_improvement_KD_vs_baseline,AP50-95_improvement_KD_vs_ECAFA,AP50_improvement_KD_vs_baseline,AP50_improvement_KD_vs_ECAFA
0,pl80,115,759,0.13043478260869565,0.8608695652173913,0.5916846713590964,0.45344738772624515,696,0.16235632183908047,0.9826086956521739,0.7647780886125584,0.5923486819120155,561,0.19964349376114082,0.9739130434782609,0.8175739041804682,0.6511154755734015,0.13890129418577035,0.1976680878471564,0.05876679366138604,0.22588923282137174,0.0527958155679098
1,p6,15,540,0.024074074074074074,0.8666666666666667,0.4434913193128427,0.3854521161988945,406,0.034482758620689655,0.9333333333333333,0.40675722083615085,0.3338888402292043,282,0.0425531914893617,0.8,0.5329683638131832,0.45171780693327623,-0.051563275969690237,0.06626569073438171,0.11782896670407195,0.08947704450034055,0.1262111429770324
2,ph4.2,3,189,0.005291005291005291,0.3333333333333333,0.009730952380952382,0.0077847619047619054,155,0.01935483870967742,1.0,0.40622950819672127,0.3663697054468535,99,0.020202020202020204,0.6666666666666666,0.5034000000000001,0.4027200000000001,0.3585849435420916,0.3949352380952382,0.03635029455314659,0.4936690476190477,0.0971704918032788
3,pa13,2,49,0.04081632653061224,1.0,0.5162765957446807,0.5146693443334779,86,0.023255813953488372,1.0,0.695,0.6255,59,0.03389830508474576,1.0,0.8283333333333331,0.7454999999999998,0.11083065566652206,0.23083065566652194,0.11999999999999988,0.3120567375886525,0.1333333333333332
4,im,9,81,0.1111111111111111,1.0,0.943235294117647,0.7265981232492996,74,0.12162162162162163,1.0,0.995,0.8104033558558559,73,0.1232876712328767,1.0,0.995,0.8009583485540335,0.08380523260655626,0.07436022530473385,-0.009445007301822406,0.051764705882353046,0.0
5,w58,8,164,0.036585365853658534,0.75,0.4400488903537684,0.2471932862479204,115,0.06956521739130435,1.0,0.6584999999999999,0.4053325026915113,95,0.08421052631578947,1.0,0.6705369458128078,0.4356734546711607,0.15813921644359089,0.1884801684232403,0.030340951979649422,0.2304880554590394,0.012036945812807898
6,pl90,9,116,0.07758620689655173,1.0,0.712166253101737,0.6091222518610422,114,0.07894736842105263,1.0,0.5474623233908948,0.4832765343303313,89,0.10112359550561797,1.0,0.6620616438356166,0.5982723385152123,-0.1258457175307109,-0.010849913345829854,0.11499580418488103,-0.05010460926612037,0.11459932044472176
7,il70,2,69,0.028985507246376812,1.0,0.15307692307692314,0.13420066889632112,54,0.018518518518518517,0.5,0.49972222222222223,0.44975000000000004,31,0.03225806451612903,0.5,0.2557258064516129,0.23015322580645164,0.3155493311036789,0.09595255691013052,-0.2195967741935484,0.10264888337468978,-0.24399641577060932
8,p5,53,529,0.09262759924385633,0.9245283018867925,0.7372694897345187,0.6321307288510496,390,0.13076923076923078,0.9622641509433962,0.9081044276187248,0.7568200511386916,371,0.1347708894878706,0.9433962264150944,0.8958975093081678,0.7566227003955431,0.12468932228764196,0.12449197154449354,-0.00019735074314841672,0.15862801957364914,-0.01220691831055698
9,pm55,19,424,0.04481132075471698,1.0,0.7955785704624355,0.7017688160903568,265,0.06792452830188679,0.9473684210526315,0.6586822163227284,0.5767582706392129,189,0.09523809523809523,0.9473684210526315,0.8018945393374741,0.7164008587032934,-0.12501054545114387,0.014632042612936602,0.13964258806408048,0.006315968875038602,0.14321232301474573
10,pl60,107,1065,0.09107981220657277,0.9065420560747663,0.43971254900049805,0.35706192607190035,958,0.10438413361169102,0.9345794392523364,0.6269616676615425,0.5204793587617063,679,0.1487481590574374,0.9439252336448598,0.700871355804001,0.5787247981022904,0.1634174326898059,0.22166287203039003,0.058245439340584126,0.2611588068035029,0.07390968814245846
11,ip,39,696,0.05028735632183908,0.8974358974358975,0.7414747746424528,0.4338995656712437,460,0.08043478260869565,0.9487179487179487,0.8175058077861924,0.47726247059937654,395,0.09620253164556962,0.9743589743589743,0.8789413759969751,0.5183759924307587,0.04336290492813283,0.084476426759515,0.04111352183138217,0.13746660135452227,0.061435568210782665
12,p11,202,1844,0.09869848156182212,0.900990099009901,0.7390352803766972,0.5371731045099268,1577,0.12492073557387444,0.9752475247524752,0.8678114602243601,0.6275068980642019,1208,0.16390728476821192,0.9801980198019802,0.895797182576618,0.6554520172139926,0.09033379355427507,0.11827891270406576,0.027945119149790698,0.1567619021999208,0.027985722352257936
13,pdd,6,207,0.014492753623188406,0.5,0.20984949832775923,0.14689464882943146,176,0.028409090909090908,0.8333333333333334,0.33506177156177164,0.25009941666666674,157,0.03821656050955414,1.0,0.6682967032967034,0.5093898082153688,0.10320476783723528,0.36249515938593735,0.2592903915487021,0.4584472049689442,0.3332349317349318
14,wc,5,139,0.03597122302158273,1.0,0.5248888888888888,0.4254663069544364,81,0.06172839506172839,1.0,0.8426190476190476,0.7116243386243386,80,0.05,0.8,0.80025,0.6743020833333333,0.2861580316699022,0.24883577637889692,-0.0373222552910053,0.27536111111111117,-0.042369047619047584
15,i2r,57,736,0.06657608695652174,0.8596491228070176,0.6842851658888751,0.4903931727712689,550,0.09636363636363636,0.9298245614035088,0.7948671340689156,0.5914310426963519,367,0.1444141689373297,0.9298245614035088,0.8566216493636369,0.6235841595590483,0.10103786992508301,0.1331909867877794,0.032153116862696396,0.17233648347476183,0.06175451529472131
16,w30,8,133,0.05263157894736842,0.875,0.6286478468899522,0.4988115424925952,79,0.0759493670886076,0.75,0.5608383300022208,0.47578728803020215,72,0.09722222222222222,0.875,0.6704000000000001,0.5443034285714287,-0.023024254462393035,0.04549188607883348,0.06851614054122651,0.041752153110047874,0.10956166999777928
17,pmr,1,98,0.01020408163265306,1.0,0.995,0.8955,63,0.015873015873015872,1.0,0.995,0.796,46,0.021739130434782608,1.0,0.995,0.8955,-0.09949999999999992,0.0,0.09949999999999992,0.0,0.0
18,p23,35,691,0.04775687409551375,0.9428571428571428,0.5842968197629995,0.4983166195581491,431,0.08120649651972157,1.0,0.8103870781790024,0.6707912944918577,314,0.10191082802547771,0.9142857142857143,0.7701412860365161,0.6451554425307322,0.1724746749337086,0.1468388229725831,-0.0256358519611255,0.18584446627351658,-0.04024579214248625
19,pl15,7,175,0.02857142857142857,0.7142857142857143,0.3414824224224223,0.2685761484710797,176,0.03977272727272727,1.0,0.7931428571428571,0.5734945109577921,123,0.056910569105691054,1.0,0.9327777777777779,0.6947502642276423,0.30491836248671245,0.4261741157565626,0.12125575326985016,0.5912953553553556,0.13963492063492078
20,pm10,3,202,0.0049504950495049506,0.3333333333333333,0.0036124199184624345,0.0025286939429237042,200,0.005,0.3333333333333333,0.007434112068965518,0.004460467241379311,133,0.007518796992481203,0.3333333333333333,0.009472775689223058,0.004736387844611529,0.0019317732984556065,0.002207693901687825,0.00027592060323221833,0.005860355770760623,0.0020386636202575402
21,pss,3,209,0.014354066985645933,1.0,0.4363571428571428,0.36939270676691727,185,0.016216216216216217,1.0,0.6178571428571431,0.49815744787644806,107,0.028037383177570093,1.0,0.995,0.7476891121495328,0.1287647411095308,0.37829640538261555,0.24953166427308476,0.5586428571428572,0.3771428571428569
22,w34,1,48,0.0,0.0,0.0,0.0,60,0.016666666666666666,1.0,0.07653846153846157,0.030615384615384628,30,0.0,0.0,0.0,0.0,0.030615384615384628,0.0,-0.030615384615384628,0.0,-0.07653846153846157
23,iz,2,120,0.0,0.0,0.0,0.0,83,0.012048192771084338,0.5,0.08557228915662651,0.008557228915662652,55,0.0,0.0,0.0,0.0,0.008557228915662652,0.0,-0.008557228915662652,0.0,-0.08557228915662651
24,p1n,2,69,0.028985507246376812,1.0,0.606111111111111,0.5454999999999999,68,0.029411764705882353,1.0,0.606111111111111,0.49076388888888883,42,0.047619047619047616,1.0,0.606111111111111,0.5454999999999999,-0.05473611111111104,0.0,0.05473611111111104,0.0,0.0
25,pr70,1,13,0.07692307692307693,1.0,0.124375,0.1119375,36,0.027777777777777776,1.0,0.09045454545454545,0.0814090909090909,33,0.030303030303030304,1.0,0.16583333333333333,0.13266666666666665,-0.030528409090909092,0.02072916666666666,0.05125757575757575,0.04145833333333333,0.07537878787878788
26,pg,21,509,0.03929273084479371,0.9523809523809523,0.8310242442278719,0.5914508191475522,441,0.047619047619047616,1.0,0.8668557238557238,0.6304496651491505,333,0.06006006006006006,0.9523809523809523,0.8820310728450264,0.6930917841019181,0.03899884600159831,0.10164096495436592,0.06264211895276761,0.05100682861715444,0.015175348989302506
27,il80,38,153,0.24183006535947713,0.9736842105263158,0.8332228213427876,0.7052628491277496,129,0.29457364341085274,1.0,0.9087183521321179,0.7853953111278373,110,0.34545454545454546,1.0,0.9615764733133153,0.8224717147864755,0.08013246200008772,0.1172088656587259,0.03707640365863818,0.12835365197052773,0.05285812118119737
28,pb,10,170,0.052941176470588235,0.9,0.4749837157433507,0.4080951417244013,166,0.05421686746987952,0.9,0.687440685169601,0.596701446643013,87,0.10344827586206896,0.9,0.6789851097178685,0.5742763061650994,0.18860630491861163,0.16618116444069808,-0.022425140477913552,0.20400139397451783,-0.008455575451732478
29,pbm,10,410,0.02195121951219512,0.9,0.1431289574043129,0.11260996905516647,293,0.027303754266211604,0.8,0.08967551466510931,0.07103781744159879,198,0.04040404040404041,0.8,0.25029650378731594,0.1913037328787609,-0.041572151613567684,0.07869376382359443,0.12026591543716211,0.10716754638300305,0.16062098912220663
30,pm40,1,62,0.0,0.0,0.0,0.0,82,0.0,0.0,0.0,0.0,39,0.0,0.0,0.0,0.0,0.0,0.0,0.0,0.0,0.0
31,ph4,18,359,0.04178272980501393,0.8333333333333334,0.3425996059605624,0.30734674150466434,313,0.04792332268370607,0.8333333333333334,0.5637069851760103,0.4771507705037258,192,0.08333333333333333,0.8888888888888888,0.6200723335488042,0.503896798743536,0.16980402899906144,0.19655005723887164,0.026746028239810204,0.2774727275882418,0.056365348372793944
32,w45,2,67,0.029850746268656716,1.0,0.5213157894736843,0.41480164964650434,19,0.10526315789473684,1.0,0.995,0.796,24,0.08333333333333333,1.0,0.995,0.796,0.3811983503534957,0.3811983503534957,0.0,0.4736842105263157,0.0
33,i4,100,702,0.13105413105413105,0.92,0.740429878893578,0.5237883871007237,677,0.1432791728212703,0.97,0.8544724121831494,0.5977772370484021,500,0.19,0.95,0.8888947109463389,0.6458514211078701,0.0739888499476784,0.12206303400714635,0.04807418405946795,0.14846483205276084,0.034422298763189474
34,pl70,22,463,0.0367170626349892,0.7727272727272727,0.5027400047281843,0.41572218580107156,420,0.04523809523809524,0.8636363636363636,0.4817164162309506,0.36437847075747704,263,0.06844106463878327,0.8181818181818182,0.5304791769390759,0.42478721312536616,-0.05134371504359453,0.009065027324294594,0.06040874236788912,0.027739172210891616,0.0487627607081253
35,i14,1,45,0.022222222222222223,1.0,0.995,0.8955,55,0.01818181818181818,1.0,0.995,0.9949999999999999,28,0.03571428571428571,1.0,0.995,0.9949999999999999,0.09949999999999992,0.09949999999999992,0.0,0.0,0.0
36,p29,4,219,0.0182648401826484,1.0,0.14832833832833833,0.14065569732778638,247,0.016194331983805668,1.0,0.2839226270805218,0.25073774179037334,192,0.020833333333333332,1.0,0.4147463768115942,0.3806714221014493,0.11008204446258696,0.2400157247736629,0.12993368031107594,0.26641803848325585,0.13082374973107241
37,pne,279,1219,0.21410992616899097,0.9354838709677419,0.9110977743045432,0.660949133538446,1063,0.2530573847601129,0.96415770609319,0.9526621920231827,0.6854078500558616,837,0.3201911589008363,0.9605734767025089,0.9620949067825614,0.704209534092248,0.024458716517415602,0.04326040055380198,0.01880168403638638,0.05099713247801818,0.00943271475937868
38,pr60,2,72,0.027777777777777776,1.0,0.1421428571428571,0.10397916666666665,67,0.029850746268656716,1.0,0.606111111111111,0.5240389718076284,37,0.02702702702702703,0.5,0.25439189189189193,0.17807432432432435,0.42005980514096175,0.0740951576576577,-0.345964647483304,0.11224903474903483,-0.3517192192192191
39,ph4.5,25,261,0.07662835249042145,0.8,0.5040328291589132,0.41824053375885245,249,0.08835341365461848,0.88,0.7287647328615592,0.5943122776040679,171,0.13450292397660818,0.92,0.7203530003367614,0.6168529253722136,0.17607174384521546,0.19861239161336114,0.022540647768145683,0.2163201711778482,-0.008411732524797766
40,p12,22,661,0.030257186081694403,0.9090909090909091,0.4874191311253253,0.39101632853289725,376,0.05319148936170213,0.9090909090909091,0.43689510013158545,0.3566670245512146,352,0.05965909090909091,0.9545454545454546,0.5803884265100863,0.47221103745722726,-0.03434930398168268,0.08119470892433,0.11554401290601268,0.09296929538476095,0.14349332637850082
41,p3,24,236,0.09322033898305085,0.9166666666666666,0.8341010155074384,0.6858560090577108,285,0.07719298245614035,0.9166666666666666,0.8572693935832136,0.7371678357115238,169,0.1301775147928994,0.9166666666666666,0.883837954353339,0.7589349042150715,0.05131182665381295,0.07307889515736066,0.021767068503547704,0.04973693884590058,0.02656856077012537
42,pl5,62,668,0.08532934131736528,0.9193548387096774,0.609794578422537,0.43382779293213447,586,0.09215017064846416,0.8709677419354839,0.6939567223224103,0.4895062701254136,482,0.12240663900414937,0.9516129032258065,0.7875481008844337,0.5661382252741444,0.05567847719327912,0.1323104323420099,0.07663195514873078,0.17775352246189668,0.09359137856202338
43,w13,18,223,0.06726457399103139,0.8333333333333334,0.48760126010013893,0.384118537355273,163,0.10429447852760736,0.9444444444444444,0.7243163718797918,0.5312287686322998,106,0.1509433962264151,0.8888888888888888,0.765839144833094,0.5710152971525578,0.14711023127702683,0.18689675979728482,0.03978652852025799,0.2782378847329551,0.0415227729533022
44,p14,4,266,0.015037593984962405,1.0,0.029598540145985393,0.020476957095982743,251,0.01593625498007968,1.0,0.6366666666666666,0.48005677290836646,120,0.03333333333333333,1.0,0.40499999999999997,0.31606904761904764,0.4595798158123837,0.2955920905230649,-0.16398772528931882,0.3754014598540146,-0.23166666666666663
45,i4l,48,481,0.08316008316008316,0.8333333333333334,0.6616592856622969,0.4593559665493093,402,0.1044776119402985,0.875,0.8030663517163943,0.572652303334143,245,0.17551020408163265,0.8958333333333334,0.8570917003551888,0.5991358811412604,0.11329633678483364,0.13977991459195105,0.02648357780711741,0.19543241469289185,0.05402534863879449
46,pr30,2,68,0.014705882352941176,0.5,0.011249999999999998,0.008999999999999998,59,0.01694915254237288,0.5,0.07503631961259083,0.06753268765133175,44,0.045454545454545456,1.0,0.398,0.32887954545454545,0.05853268765133175,0.31987954545454544,0.2613468578032137,0.38675000000000004,0.3229636803874092
47,p17,4,60,0.06666666666666667,1.0,0.945,0.8311499999999998,73,0.0547945205479452,1.0,0.995,0.877554794520548,61,0.06557377049180328,1.0,0.995,0.858639344262295,0.04640479452054813,0.027489344262295212,-0.01891545025825292,0.050000000000000044,0.0
48,ph3,3,110,0.01818181818181818,0.6666666666666666,0.47006000000000003,0.329042,144,0.020833333333333332,1.0,0.4567117117117119,0.3660523845720722,87,0.022988505747126436,0.6666666666666666,0.6688689655172415,0.5522263793103449,0.037010384572072175,0.2231843793103449,0.18617399473827273,0.19880896551724148,0.21215725380552963
49,pt,1,155,0.0064516129032258064,1.0,0.012756410256410257,0.01148076923076923,187,0.0,0.0,0.0,0.0,85,0.0,0.0,0.0,0.0,-0.01148076923076923,-0.01148076923076923,0.0,-0.012756410256410257,0.0
50,pl30,77,916,0.07205240174672489,0.8571428571428571,0.4810138544644573,0.38853149047696384,809,0.08405438813349815,0.8831168831168831,0.5943524275792125,0.46245490709945447,650,0.10615384615384615,0.8961038961038961,0.6512425401057356,0.515901150001679,0.07392341662249063,0.12736965952471518,0.05344624290222455,0.17022868564127824,0.056890112526523096
51,pctl,1,56,0.0,0.0,0.0,0.0,69,0.014492753623188406,1.0,0.995,0.49749999999999994,44,0.022727272727272728,1.0,0.4975,0.24874999999999997,0.49749999999999994,0.24874999999999997,-0.24874999999999997,0.4975,-0.4975
52,pr50,2,83,0.012048192771084338,0.5,0.4980722891566265,0.3984578313253012,45,0.022222222222222223,0.5,0.5006666666666666,0.4005333333333333,41,0.04878048780487805,1.0,0.695,0.5559999999999999,0.002075502008032082,0.15754216867469872,0.15546666666666664,0.19692771084337346,0.19433333333333336
53,pm35,1,123,0.008130081300813009,1.0,0.06633333333333333,0.053066666666666665,138,0.007246376811594203,1.0,0.995,0.8955,32,0.03125,1.0,0.995,0.8955,0.8424333333333333,0.8424333333333333,0.0,0.9286666666666666,0.0
54,i1,1,66,0.015151515151515152,1.0,0.995,0.6965,63,0.015873015873015872,1.0,0.995,0.796,35,0.02857142857142857,1.0,0.995,0.8955,0.09950000000000003,0.19899999999999995,0.09949999999999992,0.0,0.0
55,pcd,2,119,0.008403361344537815,0.5,0.49714285714285716,0.49714285714285716,220,0.00909090909090909,1.0,0.1809090909090909,0.13100909090909094,94,0.02127659574468085,1.0,0.995,0.746313829787234,-0.36613376623376626,0.24917097264437688,0.6153047388781431,0.49785714285714283,0.8140909090909091
56,pbp,13,275,0.04363636363636364,0.9230769230769231,0.38053265680632054,0.28769888972265034,237,0.05485232067510549,1.0,0.8400046728971963,0.5885804128602873,160,0.08125,1.0,0.8031281512605042,0.5527258209312135,0.30088152313763694,0.26502693120856313,-0.03585459192907381,0.42259549445418365,-0.03687652163669208
57,pcr,3,135,0.022222222222222223,1.0,0.4041666666666668,0.2855404545454546,121,0.024793388429752067,1.0,0.11691985244802146,0.08451084476556307,74,0.04054054054054054,1.0,0.368,0.2944,-0.20102960977989154,0.00885954545454537,0.2098891552344369,-0.03616666666666679,0.25108014755197855
58,ps,3,158,0.012658227848101266,0.6666666666666666,0.03405848432199884,0.024796077190369817,171,0.017543859649122806,1.0,0.11867441860465114,0.05426064871481027,93,0.03225806451612903,1.0,0.665,0.33124347670250903,0.02946457152444045,0.30644739951213923,0.27698282798769874,0.6309415156780012,0.5463255813953489
59,w18,1,56,0.0,0.0,0.0,0.0,73,0.0,0.0,0.0,0.0,39,0.0,0.0,0.0,0.0,0.0,0.0,0.0,0.0,0.0
60,p10,54,925,0.04972972972972973,0.8518518518518519,0.47222865531274333,0.3766186656904799,747,0.06693440428380187,0.9259259259259259,0.5637642433884205,0.4353347199321617,543,0.09576427255985268,0.9629629629629629,0.6636453663412344,0.5247568127260616,0.0587160542416818,0.14813814703558165,0.08942209279389984,0.19141671102849106,0.09988112295281393
61,pn,392,1288,0.27639751552795033,0.9081632653061225,0.8889273184646429,0.64795926472275,1229,0.3124491456468674,0.9795918367346939,0.9521987250287463,0.6988860473144364,961,0.4006243496357961,0.9821428571428571,0.9655919482258591,0.7127804421781668,0.05092678259168637,0.06482117745541682,0.013894394863730453,0.07666462976121624,0.013393223197112891
62,pa14,9,139,0.05755395683453238,0.8888888888888888,0.7183770383693046,0.6016366366906476,131,0.061068702290076333,0.8888888888888888,0.7960877983763479,0.6967928522961346,76,0.11842105263157894,1.0,0.9143333333333333,0.7775107111528821,0.09515621560548704,0.17587407446223446,0.08071785885674743,0.19595629496402878,0.11824553495698542
63,p2,2,127,0.015748031496062992,1.0,0.028695121951219513,0.025825609756097562,122,0.00819672131147541,0.5,0.04016708701134931,0.03213366960907944,78,0.02564102564102564,1.0,0.028028169014084503,0.02344664138678223,0.006308059852981881,-0.002378968369315334,-0.008687028222297215,-0.0006669529371350104,-0.012138917997264805
64,ph2.5,1,76,0.013157894736842105,1.0,0.033166666666666664,0.033166666666666664,63,0.015873015873015872,1.0,0.24875,0.24874999999999997,45,0.022222222222222223,1.0,0.05852941176470587,0.058529411764705865,0.2155833333333333,0.0253627450980392,-0.1902205882352941,0.025362745098039208,-0.19022058823529414
65,w55,22,298,0.0738255033557047,1.0,0.46426092458635615,0.32621257062724124,211,0.0995260663507109,0.9545454545454546,0.8020035453301393,0.5797271285795658,167,0.12574850299401197,0.9545454545454546,0.8631303829407483,0.6545645566386941,0.2535145579523245,0.3283519860114528,0.0748374280591283,0.39886945835439214,0.061126837610609
66,pw3,1,49,0.0,0.0,0.0,0.0,72,0.013888888888888888,1.0,0.995,0.398,62,0.016129032258064516,1.0,0.33166666666666667,0.199,0.398,0.199,-0.199,0.33166666666666667,-0.6633333333333333
67,pw4.5,1,20,0.0,0.0,0.0,0.0,54,0.018518518518518517,1.0,0.02618421052631579,0.02356578947368421,51,0.0196078431372549,1.0,0.4975,0.398,0.02356578947368421,0.398,0.3744342105263158,0.4975,0.4713157894736842
68,i12,3,43,0.046511627906976744,0.6666666666666666,0.39782790697674425,0.3182623255813954,63,0.047619047619047616,1.0,0.7411538461538465,0.5858419780219782,48,0.0625,1.0,0.7887500000000001,0.6418434375000001,0.26757965244058285,0.32358111191860467,0.05600145947802182,0.3909220930232558,0.047596153846153566
69,phclr,1,43,0.023255813953488372,1.0,0.4975,0.44775,63,0.015873015873015872,1.0,0.995,0.8955,48,0.020833333333333332,1.0,0.995,0.8955,0.44775,0.44775,0.0,0.4975,0.0
70,i10,4,102,0.0392156862745098,1.0,0.6965845070422535,0.3847865921016294,207,0.01932367149758454,1.0,0.42110062893081757,0.2997625558290037,126,0.023809523809523808,0.75,0.4830952380952381,0.33346031746031746,-0.08502403627262572,-0.05132627464131195,0.03369776163131377,-0.21348926894701542,0.06199460916442051
71,i13,2,110,0.00909090909090909,0.5,0.1673181818181818,0.0836590909090909,128,0.0078125,0.5,0.49699218750000007,0.4472929687500001,94,0.010638297872340425,0.5,0.49771276595744673,0.4479414893617021,0.36363387784090917,0.3642823984526112,0.0006485206117020081,0.3303945841392649,0.0007205784574466634
72,w10,1,14,0.0,0.0,0.0,0.0,39,0.0,0.0,0.0,0.0,28,0.03571428571428571,1.0,0.124375,0.04975,0.0,0.04975,0.04975,0.124375,0.124375
73,p26,110,1226,0.08319738988580751,0.9272727272727272,0.6868851910251115,0.5451957034034891,879,0.1217292377701934,0.9727272727272728,0.8400476565592515,0.6687603379239196,629,0.17011128775834658,0.9727272727272728,0.8758565547894697,0.6978519855794525,0.12356463452043054,0.1526562821759634,0.02909164765553285,0.1889713637643582,0.035808898230218156
74,p8,2,74,0.013513513513513514,0.5,0.02594594594594595,0.023351351351351357,71,0.028169014084507043,1.0,0.03209677419354837,0.026834961381190358,50,0.02,0.5,0.5000999999999998,0.45008999999999977,0.003483610029839001,0.4267386486486484,0.4232550386188094,0.4741540540540538,0.4680032258064514
75,w42,1,40,0.0,0.0,0.0,0.0,58,0.0,0.0,0.0,0.0,37,0.02702702702702703,1.0,0.03685185185185184,0.025796296296296282,0.0,0.025796296296296282,0.025796296296296282,0.03685185185185184,0.03685185185185184
76,il50,6,27,0.14814814814814814,0.6666666666666666,0.6239333333333335,0.4937960000000001,38,0.13157894736842105,0.8333333333333334,0.4073986211863972,0.30399894201780114,34,0.17647058823529413,1.0,0.8467171717171719,0.5707498686868687,-0.18979705798219898,0.0769538686868686,0.2667509266690676,0.22278383838383842,0.4393185505307747
77,p13,52,697,0.07173601147776183,0.9615384615384616,0.7182642652753216,0.48666976708374854,439,0.10933940774487472,0.9230769230769231,0.7162385549016261,0.4954127225400999,308,0.16558441558441558,0.9807692307692307,0.7450326059581238,0.5013106519500549,0.008742955456351342,0.014640884866306325,0.005897929409954983,0.026768340682802205,0.028794051056497683
78,pr40,27,272,0.09926470588235294,1.0,0.8945389112166605,0.7472237664259865,299,0.0903010033444816,1.0,0.9424701071419692,0.8163568497292062,205,0.13170731707317074,1.0,0.9094523729321268,0.7741956482286229,0.06913308330321966,0.02697188180263632,-0.042161201500583334,0.014913461715466259,-0.03301773420984244
79,p25,7,188,0.03723404255319149,1.0,0.7486431623931624,0.6382628277868704,138,0.050724637681159424,1.0,0.8120454545454545,0.6360750120772947,148,0.0472972972972973,1.0,0.8056666666666666,0.6416558277027027,-0.0021878157095757134,0.0033929999158323065,0.00558081562540802,0.05702350427350422,-0.006378787878787873
80,w41,1,81,0.012345679012345678,1.0,0.4975,0.398,53,0.018867924528301886,1.0,0.995,0.6965,46,0.021739130434782608,1.0,0.995,0.796,0.2985,0.398,0.09950000000000003,0.4975,0.0
81,pl20,21,723,0.027662517289073305,0.9523809523809523,0.18155266890308308,0.13434674472322428,593,0.03541315345699832,1.0,0.44045955648582524,0.3386094599100401,392,0.04591836734693878,0.8571428571428571,0.4678855108499096,0.3688362765717582,0.20426271518681582,0.23448953184853394,0.030226816661718114,0.2863328419468265,0.02742595436408435
82,pm30,15,369,0.037940379403794036,0.9333333333333333,0.30597139625747544,0.25689022492114144,295,0.04745762711864407,0.9333333333333333,0.38827220126863216,0.3235409122633045,207,0.057971014492753624,0.8,0.471199213569248,0.4206244835205111,0.06665068734216306,0.1637342585993697,0.09708357125720662,0.16522781731177255,0.08292701230061583
83,pl40,179,1673,0.09922295277943813,0.9273743016759777,0.5415772106799644,0.4201471876028644,1306,0.1324655436447167,0.9664804469273743,0.7018220606594271,0.5513251042399221,958,0.1837160751565762,0.9832402234636871,0.790498848688595,0.6006208847847463,0.1311779166370577,0.1804736971818819,0.0492957805448242,0.24892163800863054,0.0886767880291679
84,pmb,6,234,0.02564102564102564,1.0,0.7446444444444446,0.5780775726495726,162,0.037037037037037035,1.0,0.995,0.8001665555555555,120,0.05,1.0,0.995,0.8144263500000001,0.2220889829059829,0.23634877735042747,0.014259794444444585,0.25035555555555544,0.0
85,pr20,3,50,0.04,0.6666666666666666,0.33923200000000003,0.23836580000000004,53,0.05660377358490566,1.0,0.62375,0.5331257547169812,60,0.05,1.0,0.59,0.5461137500000001,0.29475995471698113,0.30774795,0.01298799528301886,0.25076799999999994,-0.03375000000000006
86,p18,9,230,0.0391304347826087,1.0,0.7313859649122809,0.6049686495041954,160,0.05625,1.0,0.9222777777777776,0.7699724965277778,146,0.06164383561643835,1.0,0.9552777777777778,0.810697068928028,0.1650038470235824,0.20572841942383258,0.04072457240025018,0.22389181286549686,0.03300000000000014
87,i2,61,687,0.08442503639010189,0.9508196721311475,0.7139390861369398,0.48508059958409755,581,0.0963855421686747,0.9180327868852459,0.8348830711874133,0.6088909720961172,401,0.14214463840399003,0.9344262295081968,0.8397833825823529,0.6284702887106718,0.12381037251201965,0.14338968912657424,0.019579316614554587,0.12584429644541306,0.004900311394939516
88,w22,4,143,0.013986013986013986,0.5,0.09610266545049152,0.07688213236039322,119,0.03361344537815126,1.0,0.5535029069767442,0.468312292358804,83,0.04819277108433735,1.0,0.4715485141424992,0.4073287133496392,0.3914301599984108,0.330446580989246,-0.06098357900916479,0.3754458486920077,-0.081954392834245
89,w47,2,117,0.017094017094017096,1.0,0.27975806451612917,0.08755686517783295,80,0.025,1.0,0.8283333333333331,0.5138041666666666,31,0.06451612903225806,1.0,0.4475,0.31964516129032255,0.42624730148883366,0.2320882961124896,-0.19415900537634406,0.16774193548387084,-0.38083333333333313
90,pl120,44,189,0.2275132275132275,0.9772727272727273,0.8022569459679162,0.7066922641370077,169,0.24260355029585798,0.9318181818181818,0.8588458282443423,0.7636105750977659,176,0.23295454545454544,0.9318181818181818,0.9006177705628046,0.824923252856642,0.05691831096075817,0.11823098871963433,0.061312677758876166,0.09836082459488837,0.04177194231846226
91,ph2.8,1,26,0.0,0.0,0.0,0.0,13,0.0,0.0,0.0,0.0,12,0.0,0.0,0.0,0.0,0.0,0.0,0.0,0.0,0.0
92,w32,15,393,0.030534351145038167,0.8,0.4856820389232808,0.30846010573829713,230,0.05217391304347826,0.8,0.5436659995493254,0.36547311843628955,172,0.0755813953488372,0.8666666666666667,0.6213313600048422,0.37476594727887447,0.057013012697992416,0.06630584154057734,0.009292828842584921,0.1356493210815614,0.07766536045551686
93,pm15,1,107,0.009345794392523364,1.0,0.03431034482758621,0.030879310344827587,107,0.009345794392523364,1.0,0.0621875,0.05596875,86,0.011627906976744186,1.0,0.08291666666666667,0.074625,0.02508943965517241,0.04374568965517241,0.01865625,0.04860632183908046,0.020729166666666667
94,ph5,16,386,0.03626943005181347,0.875,0.4491153621928196,0.35626449221154777,231,0.06926406926406926,1.0,0.7924794852535648,0.6146055304481564,169,0.09467455621301775,1.0,0.8592777783530239,0.6764410594980751,0.2583410382366086,0.3201765672865273,0.061835529049918736,0.41016241616020427,0.06679829309945906
95,pw3.2,1,58,0.017241379310344827,1.0,0.0995,0.08955,39,0.02564102564102564,1.0,0.995,0.796,37,0.02702702702702703,1.0,0.995,0.8955,0.70645,0.8059499999999999,0.09949999999999992,0.8955,0.0
96,pl10,4,191,0.015706806282722512,0.75,0.3406491907528269,0.3293540844868393,252,0.007936507936507936,0.5,0.025047065337763012,0.022542358803986712,125,0.024,0.75,0.0769357894736842,0.06693421052631578,-0.3068117256828526,-0.2624198739605235,0.04439185172232907,-0.2637134012791427,0.05188872413592118
97,il60,69,213,0.323943661971831,1.0,0.9440623948032157,0.7944626372320952,174,0.39080459770114945,0.9855072463768116,0.9687481373467003,0.8271510210770405,138,0.4927536231884058,0.9855072463768116,0.9706125258863199,0.8403166185499996,0.03268838384494532,0.04585398131790441,0.01316559747295909,0.02655013108310411,0.0018643885396195659
98,w57,54,560,0.09464285714285714,0.9814814814814815,0.6576776863626156,0.43095248233145866,383,0.13838120104438642,0.9814814814814815,0.8681904662929671,0.593632296970337,333,0.16216216216216217,1.0,0.9209410805250822,0.6209675489952634,0.16267981463887837,0.19001506666380474,0.02733525202492637,0.2632633941624666,0.05275061423211502
99,pl100,90,330,0.26666666666666666,0.9777777777777777,0.8043078519350002,0.6730331831523662,309,0.28802588996763756,0.9888888888888889,0.8762357730521693,0.7428176494267473,279,0.30824372759856633,0.9555555555555556,0.915955621856114,0.780981438299025,0.06978446627438117,0.10794825514665884,0.03816378887227767,0.1116477699211138,0.039719848803944746
100,p16,3,230,0.008695652173913044,0.6666666666666666,0.12038289218028347,0.08529267956681,169,0.011834319526627219,0.6666666666666666,0.375815245388096,0.26523750261051166,103,0.019417475728155338,0.6666666666666666,0.4042679611650485,0.3234143689320388,0.17994482304370166,0.2381216893652288,0.05817686632152713,0.283885068984765,0.028452715776952464
101,pl110,5,107,0.04672897196261682,1.0,0.895,0.8363598130841122,128,0.0390625,1.0,0.9283333333333333,0.8558046875,86,0.05813953488372093,1.0,0.995,0.8964476744186047,0.019444874415887825,0.06008786133449251,0.040642986918604684,0.09999999999999998,0.06666666666666665
102,w59,26,211,0.11374407582938388,0.9230769230769231,0.7428988815132226,0.5263400955292327,148,0.16891891891891891,0.9615384615384616,0.8316948501795701,0.5929904933602664,152,0.15789473684210525,0.9230769230769231,0.8812208260968057,0.6514433883410401,0.06665039783103377,0.12510329281180743,0.05845289498077366,0.13832194458358316,0.04952597591723562
103,w20,1,53,0.018867924528301886,1.0,0.0995,0.0796,42,0.023809523809523808,1.0,0.08291666666666667,0.06633333333333333,27,0.037037037037037035,1.0,0.4975,0.398,-0.013266666666666677,0.3184,0.33166666666666667,0.398,0.4145833333333333
104,ph2,1,86,0.0,0.0,0.0,0.0,67,0.0,0.0,0.0,0.0,26,0.0,0.0,0.0,0.0,0.0,0.0,0.0,0.0,0.0
105,p9,8,175,0.02857142857142857,0.625,0.39027682539682534,0.3517288863492063,197,0.03553299492385787,0.875,0.6667277483937384,0.6347808314223848,130,0.038461538461538464,0.625,0.42154358974358974,0.3878405948717949,0.28305194507317855,0.036111708522588604,-0.24694023655058994,0.0312667643467644,-0.24518415865014864
106,il100,18,95,0.18947368421052632,1.0,0.9389173669467789,0.8030662391942422,95,0.18947368421052632,1.0,0.9492724458204336,0.8370606796402773,74,0.24324324324324326,1.0,0.9537109484942301,0.8608929300714905,0.03399444044603506,0.05782669087724823,0.023832250431213176,0.014793581547451251,0.004438502673796529
107,p19,17,410,0.036585365853658534,0.8823529411764706,0.4367217226931177,0.37162849492309175,324,0.046296296296296294,0.8823529411764706,0.5297478795283292,0.4461832147464488,259,0.05791505791505792,0.8823529411764706,0.7321402876138171,0.553099417753985,0.07455471982335704,0.18147092283089322,0.10691620300753618,0.2954185649206994,0.20239240808548786
108,ph3.5,1,47,0.02127659574468085,1.0,0.995,0.9949999999999999,67,0.014925373134328358,1.0,0.4975,0.44775,52,0.019230769230769232,1.0,0.995,0.8955,-0.5472499999999999,-0.09949999999999992,0.44775,0.0,0.4975
109,pa10,1,118,0.00847457627118644,1.0,0.016311475409836067,0.01468032786885246,95,0.010526315789473684,1.0,0.995,0.796,81,0.012345679012345678,1.0,0.16583333333333333,0.14925,0.7813196721311476,0.13456967213114754,-0.64675,0.14952185792349726,-0.8291666666666666
110,pcl,12,326,0.027607361963190184,0.75,0.3003517368858366,0.25033805121143715,280,0.039285714285714285,0.9166666666666666,0.4165989014160444,0.3588952466327324,189,0.0582010582010582,0.9166666666666666,0.7372642857142857,0.6500826845238095,0.10855719542129527,0.3997446333123723,0.29118743789107704,0.4369125488284491,0.3206653842982413
111,pl35,1,94,0.010638297872340425,1.0,0.995,0.796,119,0.008403361344537815,1.0,0.4975,0.398,32,0.03125,1.0,0.995,0.796,-0.398,0.0,0.398,0.0,0.4975
112,p15,1,86,0.0,0.0,0.0,0.0,122,0.0,0.0,0.0,0.0,64,0.0,0.0,0.0,0.0,0.0,0.0,0.0,0.0,0.0
113,phcs,1,58,0.017241379310344827,1.0,0.995,0.8955,107,0.009345794392523364,1.0,0.013819444444444443,0.012437499999999999,71,0.0,0.0,0.0,0.0,-0.8830625,-0.8955,-0.012437499999999999,-0.995,-0.013819444444444443
114,w3,2,108,0.009259259259259259,0.5,0.10136111111111115,0.07095277777777781,77,0.025974025974025976,1.0,0.4975,0.32358116883116883,56,0.03571428571428571,1.0,0.8283333333333331,0.546955357142857,0.252628391053391,0.4760025793650792,0.2233741883116882,0.726972222222222,0.33083333333333315
115,pl25,1,45,0.0,0.0,0.0,0.0,124,0.008064516129032258,1.0,0.024875,0.0199,98,0.01020408163265306,1.0,0.03431034482758621,0.027448275862068966,0.0199,0.027448275862068966,0.007548275862068965,0.03431034482758621,0.009435344827586206
116,il110,4,42,0.09523809523809523,1.0,0.5307142857142858,0.5030476190476192,37,0.10810810810810811,1.0,0.995,0.9087770270270271,34,0.11764705882352941,1.0,0.945,0.8761176470588234,0.40572940797940793,0.37307002801120426,-0.03265937996820367,0.41428571428571415,-0.050000000000000044
117,p1,6,228,0.017543859649122806,0.6666666666666666,0.5102603238866399,0.4346442004048584,278,0.02158273381294964,1.0,0.8807142857142859,0.6853783864337103,124,0.04838709677419355,1.0,0.7323076923076922,0.5725267741935484,0.2507341860288519,0.13788257378868995,-0.11285161224016194,0.22204736842105233,-0.14840659340659368
118,w46,1,48,0.020833333333333332,1.0,0.4975,0.199,62,0.0,0.0,0.0,0.0,26,0.0,0.0,0.0,0.0,-0.199,-0.199,0.0,-0.4975,0.0
119,pn-2,1,43,0.023255813953488372,1.0,0.995,0.6965,70,0.014285714285714285,1.0,0.995,0.796,40,0.025,1.0,0.995,0.6965,0.09950000000000003,0.0,-0.09950000000000003,0.0,0.0
120,w63,6,165,0.024242424242424242,0.6666666666666666,0.05879823035850496,0.019505141307814992,183,0.01639344262295082,0.5,0.2563803278688525,0.13410121311475415,156,0.03205128205128205,0.8333333333333334,0.2937692307692308,0.18401365384615384,0.11459607180693915,0.16450851253833884,0.04991244073139969,0.23497100041072583,0.037388902900378274
121,pm20,21,380,0.05263157894736842,0.9523809523809523,0.4849444020573453,0.4045615028066031,342,0.05555555555555555,0.9047619047619048,0.5668924682384928,0.4646783432114887,238,0.08823529411764706,1.0,0.6142675355277815,0.5234036094096755,0.06011684040488563,0.11884210660307237,0.05872526619818674,0.12932313347043617,0.04737506728928864
122,i5,210,1055,0.18672985781990523,0.9380952380952381,0.8731948863643499,0.6014402337863168,946,0.2156448202959831,0.9714285714285714,0.9453324274793642,0.6666600376553525,784,0.2627551020408163,0.9809523809523809,0.9555670256503024,0.6783694931943977,0.0652198038690357,0.07692925940808082,0.011709455539045122,0.08237213928595244,0.010234598170938192
123,il90,11,82,0.13414634146341464,1.0,0.6177804695304697,0.5505903431933922,76,0.14473684210526316,1.0,0.7501515151515152,0.70234009569378,68,0.16176470588235295,1.0,0.7985827759197326,0.7380520228375633,0.1517497525003878,0.18746167964417115,0.03571192714378335,0.18080230638926287,0.048431260768217355
124,w21,2,73,0.0273972602739726,1.0,0.41416666666666657,0.28238127853881273,85,0.023529411764705882,1.0,0.5449999999999999,0.47169999999999995,34,0.029411764705882353,0.5,0.5025000000000001,0.5025000000000002,0.18931872146118722,0.22011872146118744,0.030800000000000216,0.08833333333333349,-0.04249999999999987
125,p27,18,408,0.041666666666666664,0.9444444444444444,0.7157367235366786,0.5476507643589243,241,0.07053941908713693,0.9444444444444444,0.9253734638368838,0.7540483415668556,188,0.09042553191489362,0.9444444444444444,0.947441489361702,0.7342906699120653,0.20639757720793128,0.18663990555314092,-0.019757671654790365,0.23170476582502342,0.022068025524818236
126,pl50,135,1386,0.08441558441558442,0.8666666666666667,0.4415738657624364,0.32440838224722135,1091,0.12007332722273144,0.9703703703703703,0.6612616245340499,0.49706248261650404,838,0.15274463007159905,0.9481481481481482,0.7441949449670989,0.5420502212239554,0.1726541003692827,0.21764183897673406,0.044987738607451366,0.3026210792046625,0.08293332043304902
127,ph2.2,1,65,0.015384615384615385,1.0,0.995,0.8955,106,0.009433962264150943,1.0,0.995,0.8955,79,0.012658227848101266,1.0,0.995,0.8955,0.0,0.0,0.0,0.0,0.0
128,pm2,1,19,0.0,0.0,0.0,0.0,74,0.0,0.0,0.0,0.0,72,0.013888888888888888,1.0,0.995,0.199,0.0,0.199,0.199,0.995,0.995
129,pw4,1,56,0.017857142857142856,1.0,0.995,0.597,40,0.025,1.0,0.124375,0.06218749999999999,37,0.02702702702702703,1.0,0.995,0.597,-0.5348125,0.0,0.5348125,0.0,0.870625
